{
  "tracks": [
    {
      "title": "Piano Sonata No. 3",
      "artist": "Beethoven",
      "duration": 5,
      "_id": "7d085e19-7349-4831-a52e-2fceb4cc69ae",
      "playlistid": "02bf6a02-7e41-44d9-9177-0a2788d525c8"
    },
    {
      "title": "Piano Sonata No. 7",
      "artist": "Beethoven",
      "duration": 6,
      "_id": "08f31d83-e094-47de-bc34-ee1f793e5c8f",
      "playlistid": "02bf6a02-7e41-44d9-9177-0a2788d525c8"
    },
    {
      "title": "Piano Sonata No. 10",
      "artist": "Beethoven",
      "duration": 4,
      "_id": "13e6a8df-6c4d-4ff3-8904-50e113666ef6",
      "playlistid": "02bf6a02-7e41-44d9-9177-0a2788d525c8"
    }
  ]
}