{
  "tracks": [
    {
      "title": "Piano Sonata No. 3",
      "artist": "Beethoven",
      "duration": 12,
      "_id": "7687bdff-fd61-4853-854c-10cedfee61a6",
      "playlistid": "da614dae-4c25-4c8e-8d35-28ffcbebbea6"
    },
    {
      "title": "Piano Sonata No. 7",
      "artist": "Beethoven",
      "duration": 23,
      "_id": "3ed61912-8f87-407b-bd58-f911cffe92aa",
      "playlistid": "da614dae-4c25-4c8e-8d35-28ffcbebbea6"
    },
    {
      "title": "Piano Sonata No. 10",
      "artist": "Beethoven",
      "duration": 54,
      "_id": "2b02c255-84f1-43b1-b80e-15af7fd7b6d0",
      "playlistid": "da614dae-4c25-4c8e-8d35-28ffcbebbea6"
    },
    {
      "title": "Piano Sonata No. 7",
      "artist": "Beethoven",
      "duration": 54,
      "_id": "6a33eced-3f76-4e58-a72b-7981ff527dbe",
      "playlistid": "da614dae-4c25-4c8e-8d35-28ffcbebbea6"
    }
  ]
}
