{
  "users": [
    {
      "firstName": "Homer",
      "lastName": "Simpson",
      "email": "homer@simpson.com",
      "password": "secret",
      "_id": "c28b0e34-69f4-4c52-b420-7cbcd03cd555"
    },
    {
      "firstName": "Marge",
      "lastName": "Simpson",
      "email": "marge@simpson.com",
      "password": "secret",
      "_id": "0030aaf0-1b62-45d3-aec3-89cbd0ef66a6"
    },
    {
      "firstName": "Bart",
      "lastName": "Simpson",
      "email": "bart@simpson.com",
      "password": "secret",
      "_id": "5ee97f36-895e-4a72-bd13-f5a55cdf0543"
    }
  ]
}